name	pool	seq	size	%gc	tm (use 65)
Fermon_1_LEFT	1	GGAGCTCAAGTTACTAGACAGCA	23	47.83	60.06
Fermon_1_LEFT_UPSTREAM 1 CTCACCTCAAAACCTCCAGTACA	23	47.83	60.18
Fermon_1_RIGHT	1	CGCAACAGTAGTTTGCTGCTTC	22	50.00	61.09
Fermon_2_LEFT	2	GGCTTGTGGCTACAGTGATAGA	22	50.00	60.01
Fermon_2_RIGHT	2	AGAAGCCAGATCTGTATAGGTAGTG	25	44.00	59.61
Fermon_3_LEFT	1	AGGATGGTGGTGGAAACTACCT	22	50.00	60.96
Fermon_3_RIGHT	1	TGTGGAAATATTGTCGCACAAGC	23	43.48	60.61
Fermon_4_LEFT	2	TCATGAAAGGTGAAAGAGGAGGG	23	47.83	60.25
Fermon_4_RIGHT	2	GTGCCTGAGTCCGTTAAACTCA	22	50.00	60.73
Fermon_5_LEFT	1	ATTGGGTACACGCACAATGTCA	22	45.45	60.99
Fermon_5_RIGHT	1	GTCAACTCTGAGTCGCTCCATG	22	54.55	61.17
Fermon_6_LEFT	2	ACATGTTGGAAATGATTCAAGTGGA	25	36.00	59.85
Fermon_6_RIGHT	2	TAGTTGTTGGGCATGATCCACC	22	50.00	60.80
Fermon_7_LEFT	1	TGTTTTGCGGTAGTTTTATGGCA	23	39.13	59.93
Fermon_7_RIGHT	1	TGCTGCTATGAATCCTATTAAAGAACA	27	33.33	59.50
Fermon_8_LEFT	2	TGTAACCTGTTTCATGCAGACCA	23	43.48	60.69
Fermon_8_RIGHT	2	TGGCTTCTTCTGGTTCAGTGTT	22	45.45	60.28
Fermon_9_LEFT	1	TGAGATTAACGCCGAACTTGGT	22	45.45	60.47
Fermon_9_RIGHT	1	TCAGCATCAAACCTAAGGTATGTGA	25	40.00	60.43
Fermon_10_LEFT	2	CGCAGGGACACACAAAAACTTT	22	45.45	60.60
Fermon_10_RIGHT	2	TCATTCTAGCTGGGGGATCAGA	22	50.00	60.28
Fermon_11_LEFT	1	CCAACTGGTGCTCTTACTCCAA	22	50.00	60.41
Fermon_11_RIGHT	1	GCCCATGCTTTTATATGTTTAGGCT	25	40.00	60.37
Fermon_12_LEFT	2	TTTTATGATGGCTTTGCTGGATTTG	25	36.00	59.50
Fermon_12_RIGHT	2	TGTTGTGAGGCATAGTTGTGACA	23	43.48	60.69
Fermon_12_RIGHT_DOWNSTREAM 2 AAGGACCCTACAAAGACTCCCC	22	54.55	61.28


Reverse primers with the following structure: Adaptor-PrimerID-Genespecificregion (These are the primers used for CDNA synthesis)

Fermon_1_RIGHT	  GTGACTGGAGTTCAGACGTGTGCTCTTCCGATCTNNNNNNNNNNNCGCAACAGTAGTTTGCTGCTTC
Fermon_2_RIGHT	  GTGACTGGAGTTCAGACGTGTGCTCTTCCGATCTNNNNNNNNNNNAGAAGCCAGATCTGTATAGGTAGTG
Fermon_3_RIGHT	  GTGACTGGAGTTCAGACGTGTGCTCTTCCGATCTNNNNNNNNNNNTGTGGAAATATTGTCGCACAAGC
Fermon_4_RIGHT	  GTGACTGGAGTTCAGACGTGTGCTCTTCCGATCTNNNNNNNNNNNGTGCCTGAGTCCGTTAAACTCA
Fermon_5_RIGHT	  GTGACTGGAGTTCAGACGTGTGCTCTTCCGATCTNNNNNNNNNNNGTCAACTCTGAGTCGCTCCATG
Fermon_6_RIGHT	  GTGACTGGAGTTCAGACGTGTGCTCTTCCGATCTNNNNNNNNNNNTAGTTGTTGGGCATGATCCACC
Fermon_7_RIGHT	  GTGACTGGAGTTCAGACGTGTGCTCTTCCGATCTNNNNNNNNNNNTGCTGCTATGAATCCTATTAAAGAACA
Fermon_8_RIGHT	  GTGACTGGAGTTCAGACGTGTGCTCTTCCGATCTNNNNNNNNNNNTGGCTTCTTCTGGTTCAGTGTT
Fermon_9_RIGHT	  GTGACTGGAGTTCAGACGTGTGCTCTTCCGATCTNNNNNNNNNNNTCAGCATCAAACCTAAGGTATGTGA
Fermon_10_RIGHT	  GTGACTGGAGTTCAGACGTGTGCTCTTCCGATCTNNNNNNNNNNNTCATTCTAGCTGGGGGATCAGA
Fermon_11_RIGHT	  GTGACTGGAGTTCAGACGTGTGCTCTTCCGATCTNNNNNNNNNNNGCCCATGCTTTTATATGTTTAGGCT
Fermon_12_RIGHT	  GTGACTGGAGTTCAGACGTGTGCTCTTCCGATCTNNNNNNNNNNNTGTTGTGAGGCATAGTTGTGACA
Fermon_12_RIGHT_DOWNSTREAM   GTGACTGGAGTTCAGACGTGTGCTCTTCCGATCTNNNNNNNNNNNAAGGACCCTACAAAGACTCCCC

Forward primers with the following structure: Adaptor-Linker-Genespecificregion (These are the 1st round PCR forward primers)

Fermon_1_LEFT		  GCCTCCCTCGCGCCATCAGAGATGTGTATAAGAGACAGNNNNGGAGCTCAAGTTACTAGACAGCA
Fermon_1_LEFT_UPSTREAM    GCCTCCCTCGCGCCATCAGAGATGTGTATAAGAGACAGNNNNCTCACCTCAAAACCTCCAGTACA
Fermon_2_LEFT		  GCCTCCCTCGCGCCATCAGAGATGTGTATAAGAGACAGNNNNGGCTTGTGGCTACAGTGATAGA
Fermon_3_LEFT		  GCCTCCCTCGCGCCATCAGAGATGTGTATAAGAGACAGNNNNAGGATGGTGGTGGAAACTACCT
Fermon_4_LEFT		  GCCTCCCTCGCGCCATCAGAGATGTGTATAAGAGACAGNNNNTCATGAAAGGTGAAAGAGGAGGG
Fermon_5_LEFT		  GCCTCCCTCGCGCCATCAGAGATGTGTATAAGAGACAGNNNNATTGGGTACACGCACAATGTCA
Fermon_6_LEFT	    GCCTCCCTCGCGCCATCAGAGATGTGTATAAGAGACAGNNNNACATGTTGGAAATGATTCAAGTGGA
Fermon_7_LEFT	    GCCTCCCTCGCGCCATCAGAGATGTGTATAAGAGACAGNNNNTGTTTTGCGGTAGTTTTATGGCA
Fermon_8_LEFT		  GCCTCCCTCGCGCCATCAGAGATGTGTATAAGAGACAGNNNNTGTAACCTGTTTCATGCAGACCA
Fermon_9_LEFT		  GCCTCCCTCGCGCCATCAGAGATGTGTATAAGAGACAGNNNNTGAGATTAACGCCGAACTTGGT
Fermon_10_LEFT	  GCCTCCCTCGCGCCATCAGAGATGTGTATAAGAGACAGNNNNCGCAGGGACACACAAAAACTTT
Fermon_11_LEFT		GCCTCCCTCGCGCCATCAGAGATGTGTATAAGAGACAGNNNNCCAACTGGTGCTCTTACTCCAA
Fermon_12_LEFT	  GCCTCCCTCGCGCCATCAGAGATGTGTATAAGAGACAGNNNNTTTTATGATGGCTTTGCTGGATTTG

Adaptor reverse primer: (This is the 1st round PCR reverse primer and is universal to all fragments)

GTGACTGGAGTTCAGACGTGTGCTC

Universal Adapter with the following structure: AdaptorSequencing-Bindingadaptor (This is 2nd round PCR forward primer with Illumina adapter sequence)

AATGATACGGCGACCACCGAGATCTACACGCCTCCCTCGCGCCATCAGAGATGTG

Indexed Adapter Index
PCR Primer, Index 1  CAAGCAGAAGACGGCATACGAGATCGTGATGTGACTGGAGTTCAGACGTGTGCTC
PCR Primer, Index 2  CAAGCAGAAGACGGCATACGAGATACATCGGTGACTGGAGTTCAGACGTGTGCTC
PCR Primer, Index 3  CAAGCAGAAGACGGCATACGAGATGCCTAAGTGACTGGAGTTCAGACGTGTGCTC
PCR Primer, Index 4  CAAGCAGAAGACGGCATACGAGATTGGTCAGTGACTGGAGTTCAGACGTGTGCTC
PCR Primer, Index 5  CAAGCAGAAGACGGCATACGAGATCACTGTGTGACTGGAGTTCAGACGTGTGCTC
PCR Primer, Index 6  CAAGCAGAAGACGGCATACGAGATATTGGCGTGACTGGAGTTCAGACGTGTGCTC
PCR Primer, Index 7  CAAGCAGAAGACGGCATACGAGATGATCTGGTGACTGGAGTTCAGACGTGTGCTC
PCR Primer, Index 8  CAAGCAGAAGACGGCATACGAGATTCAAGTGTGACTGGAGTTCAGACGTGTGCTC
PCR Primer, Index 9  CAAGCAGAAGACGGCATACGAGATCTGATCGTGACTGGAGTTCAGACGTGTGCTC
PCR Primer, Index 10 CAAGCAGAAGACGGCATACGAGATAAGCTAGTGACTGGAGTTCAGACGTGTGCTC
PCR Primer, Index 11 CAAGCAGAAGACGGCATACGAGATGTAGCCGTGACTGGAGTTCAGACGTGTGCTC
PCR Primer, Index 12 CAAGCAGAAGACGGCATACGAGATTACAAGGTGACTGGAGTTCAGACGTGTGCTC
PCR Primer, Index 13 CAAGCAGAAGACGGCATACGAGATTATGGAGTGACTGGAGTTCAGACGTGTGCTC
PCR Primer, Index 14 CAAGCAGAAGACGGCATACGAGATTAGTACGTGACTGGAGTTCAGACGTGTGCTC
PCR Primer, Index 15 CAAGCAGAAGACGGCATACGAGATTACTGTGTGACTGGAGTTCAGACGTGTGCTC
PCR Primer, Index 16 CAAGCAGAAGACGGCATACGAGATCATGAGGTGACTGGAGTTCAGACGTGTGCTC
PCR Primer, Index 17 CAAGCAGAAGACGGCATACGAGATTATCGTGTGACTGGAGTTCAGACGTGTGCTC
PCR Primer, Index 18 CAAGCAGAAGACGGCATACGAGATTCTGCAGTGACTGGAGTTCAGACGTGTGCTC
PCR Primer, Index 19 CAAGCAGAAGACGGCATACGAGATTATGAAGTGACTGGAGTTCAGACGTGTGCTC
PCR Primer, Index 20 CAAGCAGAAGACGGCATACGAGATACAGCAGTGACTGGAGTTCAGACGTGTGCTC
PCR Primer, Index 21 CAAGCAGAAGACGGCATACGAGATGTGATAGTGACTGGAGTTCAGACGTGTGCTC
PCR Primer, Index 22 CAAGCAGAAGACGGCATACGAGATTATCCAGTGACTGGAGTTCAGACGTGTGCTC
PCR Primer, Index 23 CAAGCAGAAGACGGCATACGAGATAATGCGGTGACTGGAGTTCAGACGTGTGCTC
PCR Primer, Index 24 CAAGCAGAAGACGGCATACGAGATTAAGGCGTGACTGGAGTTCAGACGTGTGCTC
